{
  "case_count": 625,
  "low_pr_case_count": 229,
  "low_pr_max_phase_effect_db": 0.44988004623580335,
  "phase_dominant_case_count": 197,
  "pr_phase_effect_correlation": 0.6697599662967004
}