{
  "before_calibration": {
    "calibration": {
      "bias_db": -14.81325805217108,
      "mae_db": 14.81325805217108,
      "rmse_db": 15.078792371367683
    },
    "validation": {
      "bias_db": -10.249382137612185,
      "mae_db": 10.249382137612185,
      "rmse_db": 11.024218243584333
    }
  },
  "after_calibration": {
    "calibration": {
      "bias_db": -4.4269861669152664e-15,
      "mae_db": 2.1405181898310475,
      "rmse_db": 2.7690762116683723
    },
    "validation": {
      "bias_db": 4.563875914561342,
      "mae_db": 5.014283666241272,
      "rmse_db": 6.1143262330832355
    }
  }
}