{
  "before_calibration": {
    "calibration": {
      "bias_db": -14.81325805217108,
      "mae_db": 14.81325805217108,
      "rmse_db": 15.078792371367683
    },
    "validation": {
      "bias_db": -10.249382137612185,
      "mae_db": 10.249382137612185,
      "rmse_db": 11.024218243584333
    }
  },
  "after_calibration": {
    "calibration": {
      "bias_db": -4.4269861669152664e-15,
      "mae_db": 2.1405181898310475,
      "rmse_db": 2.7690762116683723
    },
    "validation": {
      "bias_db": 4.563875914561342,
      "mae_db": 5.014283666241272,
      "rmse_db": 6.1143262330832355
    }
  },
  "shape_metrics": {
    "calibration": {
      "mean_rmse_shape_before": 2.74618346358847,
      "mean_rmse_shape_after": 2.74618346358847,
      "mean_correlation_before": 0.9433541683396869,
      "mean_correlation_after": 0.9433541683396871
    },
    "validation": {
      "mean_rmse_shape_before": 4.045464848774532,
      "mean_rmse_shape_after": 4.045464848774532,
      "mean_correlation_before": 0.8235172286874627,
      "mean_correlation_after": 0.8235172286874628
    }
  }
}