{
  "coherence_ablation_angular_metrics": {
    "mean_spl_difference_db": 0.9069013718515635,
    "mean_angular_std_difference_db": 5.882564420700073,
    "mean_max_angular_deviation_db": 11.643311309814454,
    "mean_centered_rmse_db": 5.862923069000244,
    "mean_correlation": 0.8422047817707061
  },
  "model_equivalence": {
    "equivalence_margin_db": 0.25,
    "full_vs_no_delay": {
      "mean_paired_difference_db": 0.04817569554175872,
      "ci_95_lower": -0.11788790551763342,
      "ci_95_upper": 0.21423929660115085,
      "tost_p_value": 0.009123388075871649,
      "is_equivalent": true
    },
    "full_vs_zero_coherence": {
      "mean_paired_difference_db": -0.0063246406473136925,
      "ci_95_lower": -0.19928760979351928,
      "ci_95_upper": 0.1866383284988919,
      "tost_p_value": 0.007194588340852626,
      "is_equivalent": true
    }
  }
}