{
  "mean_spl_difference_db": 5.958386316299438,
  "max_spl_difference_db": 7.545968055725098,
  "min_spl_difference_db": 5.095228672027588,
  "target_differences_db": [
    6.278341293334961,
    5.704988956451416,
    5.568150997161865,
    6.05959939956665,
    5.624640464782715,
    5.408282279968262,
    5.645062446594238,
    5.845501899719238,
    7.526869773864746,
    5.845304489135742,
    6.088863849639893,
    7.325788974761963,
    5.768058776855469,
    5.943203926086426,
    5.26616096496582,
    6.8484416007995605,
    5.762037754058838,
    5.768013954162598,
    5.931056499481201,
    5.787114143371582,
    7.545968055725098,
    7.519242763519287,
    5.834035873413086,
    6.176779747009277,
    5.821734428405762,
    5.661965847015381,
    6.389485836029053,
    5.7351298332214355,
    5.496161460876465,
    6.012988567352295,
    6.568663597106934,
    5.527111053466797,
    6.18082857131958,
    5.454736232757568,
    6.37518310546875,
    5.663750171661377,
    5.777125835418701,
    5.722426414489746,
    5.418960094451904,
    6.659102916717529,
    5.62565803527832,
    5.095228672027588,
    5.456944942474365,
    5.572470664978027,
    6.3229660987854,
    6.362173080444336,
    5.391446590423584,
    5.771993637084961,
    5.150518417358398,
    5.633052825927734
  ]
}